director_id(PK),first_name,last_name
1,Hyun-Jin,Bae
2,Young-Hoon,Cha
3,Jung-Gyu,Choi
4,Yoon-Seok,Choi
5,Hyun-Hee,Han
6,Jin-Sun,Han
7,In-Hyuk,Hwang
8,Tae-Yoo,Jang
9,Nam-Hyung,Jo
10,Dong-Yoon,Jung
11,Hyun-Nam,Jung
12,Justin,Chon
13,Cheol-Woo,Kang
14,Soo-Yeon,Kang
15,Min-Soo,Ki
16,Byung-Soo,Kim
17,Dae-Jin,Kim
18,Do-Hoon,Kim
19,Dong-Hwi,Kim
20,Hwi,Kim
21,Jin-Woo,Kim
22,Jung-Hyun,Kim
23,Jung-Min,Kim
24,Jung-Wook,Kim
25,Keun-Hong,Kim
26,Sang-Ho,Kim
27,Sang-Woo,Kim
28,Seong-Yoon,Kim
29,Seung-Ho,Kim
30,Yong-Min,Kim
31,Young-Il,Kwon
32,Byung-Hoon,Lee
33,Dae-Kyung,Lee
34,Eung-Bok,Lee
35,Gil-Bok,Lee
36,Hyun-Jin,Lee
37,Hyun-Suk,Lee
38,Jung-Mook,Lee
39,Na-Jung,Lee
40,Soo-Hyun,Lee
41,Sung-Joon,Lee
42,Yeon-Hong,Min
43,Hyun-Woo,Myung
44,Sung-Woo,Nam
45,Sang-Hoon,No
46,Bo-Ram,Park
47,Hong-Soo,Park
48,In-Je,Park
49,Ji-Hyun,Park
50,Sang-Woo,Park
51,Seung-Woo,Park
52,Shin-Woo,Park
53,Soo-Jin,Park
54,Yong-Soon,Park
55,So-Yeon,Shim
56,Kyung-Soo,Shin
57,Woo-Cheol,Shin
58,Yong-Hwi,Shin
59,Yeon-Hwa,Song
60,Chi-Wook,Sung
61,Hak-Chan,Yoo
62,Hyun-Gi,Yoon
63,Jong-Ho,Yoon
64,Ra-Young,Yoon
65,Gil-Ho,Ahn
66,Pan-Seok,Ahn
67,Sang-Yeob,Ashbun
68,Sang-Hoon,Baek
69,Sung-Chul,Boo
70,Young-Hoon,Cha
71,Joon-Bae,Choi
72,Jung-Gyu,Choi
73,Jae-Hyun,Go
74,Byung-Hoon,Ha
75,Han-Me,Ha
76,Cheol-Soo,Han
77,Dong-Hwa,Han
78,Hee,Han
79,Ji-Seung,Han
80,Ji-Won,Han
81,Jun-Hee,Han
82,Jong-Chan,Hong
83,Jin-Ho,Hur
84,Dong-Hyuk,Hwang
85,Eui-Kyung,Hwang
86,Tae-Yoo,Jang
87,Yong-Woo,Jang
88,Young-Woo,Jang
89,Dae-Yun,Jeong
90,Chang-Gyu,Jin
91,Hyeok,Jin
92,Hyun-Taek,Jo
93,Nam-Gook,Jo
94,Soo-Won,Jo
95,Woong,Jo
96,Young-Kwang,Jo
97,Dong-Min,Joo
98,Chang-Geun,Jun
99,Dong-Yoon,Jung
100,Ji-Hyun,Jung
101,Ji-In,Jung
102,Hyo-Jin,Kang
103,Il-Soo,Kang
104,Min-Gu,Kang
105,Min-Kyung,Kang
106,Shin-Hyo,Kang
107,Byung-Soo,Kim
108,Chul-Gyu,Kim
109,Dae-Jin,Kim
110,Dong-Hwi,Kim
111,Hee-Won,Kim
112,Hong-Seon,Kim
113,Hye-Young,Kim
114,Hyoung-Seok,Kim
115,Hyung-Shik,Kim
116,Jae-Hong,Kim
117,Jae-Hyun,Kim
118,Jin-Man,Kim
119,Jin-Min,Kim
120,Jin-Won,Kim
121,Jin-Woo,Kim
122,Jong-Hyeok,Kim
123,Jung-Gyu,Kim
124,Jung-Hyun,Kim
125,Jung-Kwon,Kim
126,Jung-Shik,Kim
127,Keun-Hong,Kim
128,Kyu-Tae,Kim
129,Kyung-Hee,Kim
130,Sang-Hyub,Kim
131,Seok-Yoon,Kim
132,Seong-Yoon,Kim
133,Sung-Ho,Kim
134,Sung-Hoon,Kim
135,Sung-Soo,Kim
136,Sung-Yong,Kim
137,Tae-Yoon,Kim
138,Won-Suk,Kim
139,Yong-Wan,Kim
140,Yoon-Jin,Kim
141,Kyu-Tae,Kogonada
142,Hyuk-Chan,Kwon
143,Seok-Jang,Kwon
144,Young-Il,Kwon
145,Byung-Hoon,Lee
146,Chang-Hee,Lee
147,Chang-Min,Lee
148,Dong-Hun,Lee
149,Eung-Bok,Lee
150,Hyung-Min,Lee
151,Jae-Gyoo,Lee
152,Jae-Hoon,Lee
153,Jae-Sang,Lee
154,Jeong-Hyo,Lee
155,Jong-Jae,Lee
156,Joo-Hwan,Lee
157,Jung-Heum,Lee
158,Jung-Sub,Lee
159,Myung-Woo,Lee
160,Na-Jung,Lee
161,Sang-Yeob,Lee
162,Seung-Hoon,Lee
163,Seung-Young,Lee
164,Soo-Hyun,Lee
165,Sung-Joon,Lee
166,Tae-Gon,Lee
167,Yoo-Yeon,Lee
168,Yoon-Jung,Lee
169,Jin-Gi,Min
170,Yeon-Hong,Min
171,Wan-Il,Mo
172,Ki-Hoon,Nam
173,Sung-Woo,Nam
174,Do-Cheol,Noh
175,Choong-Hwan,Oh
176,Hyun-Jong,Oh
177,Chan-Hong,Park
178,Hong-Kyun,Park
179,Hyun-Suk,Park
180,Jin-Suk,Park
181,Joon-Hwa,Park
182,Joon-Soo,Park
183,Joon-Woo,Park
184,Sang-Hoon,Park
185,Seon-Ho,Park
186,Seung-Woo,Park
187,Shin-Woo,Park
188,Soo-Jin,Park
189,Soo-Won,Park
190,Na-Yeon,Shim
191,Kyung-Soo,Shin
192,Won-Ho,Shin
193,Woo-Cheol,Shin
194,Yong-Hwi,Shin
195,Yoon-Sub,Shin
196,Jae-Hyun,So
197,Hyun-Wook,Song
198,Hyung-Suk,Song
199,Min-Yeop,Song
200,Yong-Il,Sung
201,Hye-Ryung,Wang
202,Hee-Woon,Yoo
203,In-Shik,Yoo
204,Je-Won,Yoo
205,Jong-Sun,Yoo
206,Seon-Dong,Yoo
207,Sung-Shik,Yoon
208,Su-Min,You