cast_name_id(PK),first_name,last_name
1,Bo-Hyun,Ahn
2,Dong-Goo,Ahn
3,Eun-Jin,Ahn
4,Hyo-Seop,Ahn
5,Jae-Hong,Ahn
6,Jae-Hyun,Ahn
7,Jae-Wook,Ahn
8,Ji-Ho,Ahn
9,Kil-Kang,Ahn
10,Nae-Sang,Ahn
11,Se-Ha,Ahn
12,Se-Ho,Ahn
13,Seung-Gyun,Ahn
14,So-Hee,Ahn
15,Suk-Hwan,Ahn
16,Woo-Yeon,Ahn
17,Tripathi,Anupam
18,Doo-Na,Bae
19,Hae-Seon,Bae
20,Hyun-Sung,Bae
21,In-Hyuk,Bae
22,Jong-Ok,Bae
23,Soo-Bin,Bae
24,Sung-Woo,Bae
25,Suzy,Bae
26,Yoon-Kyung,Bae
27,Eun-Hye,Baek
28,Hyun-Jin,Baek
29,Ji-Won,Baek
30,Jin-Hee,Baek
31,Sung-Hyun,Baek
32,Yoon-Shik,Baek
33,A-Ra,Baro
34,Kyu-Jin,Bona
35,Tae-Kyu,Bong
36,Baek-Hyun,Byun
37,Yo-Han,Byun
38,Eun-Woo,Cha
39,Hak-Yeon,Cha
40,Hwa-Yun,Cha
41,Ji-Yeon,Cha
42,Seung-Won,Cha
43,Shi-Won,Cha
44,Soo-Yeon,Cha
45,Tae-Hyun,Cha
46,Gook-Hee,Chae
47,Jong-Hyeop,Chae
48,Jung-An,Chae
49,Soo-Bin,Chae
50,Byeong-Kyu,Cho
51,Hye-Jung,Cho
52,Seung-Woo,Cho
53,Yeo-Jung,Cho
54,Chan-Yi,Choe
55,A-Ra,Choi
56,Byung-Chan,Choi
57,Byung-Mo,Choi
58,Dae-Hoon,Choi
59,Hyun-Jin,Choi
60,Hyun-Suk,Choi
61,Hyun-Wook,Choi
62,Ja-Hye,Choi
63,Jae-Woong,Choi
64,Jin-Ho,Choi
65,Jin-Hyuk,Choi
66,Jung-Woo,Choi
67,Kwang,Choi
68,Kyu-Jin,Choi
69,Min-Soo,Choi
70,Moo-Sung,Choi
71,Ri,Choi
72,Si-Won,Choi
73,Soo-Young,Choi
74,Sung-Eun,Choi
75,Tae-Joon,Choi
76,Won-Young,Choi
77,Woo-Shik,Choi
78,Yoo-Hwa,Choi
79,Yoon-So,Choi
80,Yoon-Young,Choi
81,Ja-Hyun,Choo
82,Ho-Jin,Chun
83,Woo-Hee,Chun
84,Ah-Sung,Dawon
85,Ji-Won,Do
86,Kyung-Soo,Doh
87,Ha,Dong
88,Ji-Eun,Esom
89,Eugene,Lau
90,Ji-Won,Eun
91,Deuk-Hee,Ga
92,Sae-Rok,Geum
93,Eun-Hye,Gil
94,Ah-Sung,Go
95,Bo-Gyeol,Go
96,Doo-Shim,Go
97,Geon-Han,Go
98,Gyu-Pil,Go
99,Hyun-Jung,Go
100,Jun,Go
101,Kyung-Pyo,Go
102,Min-Si,Go
103,Na-Hee,Go
104,Soo,Go
105,Sung-Hee,Go
106,Won-Hee,Go
107,Woo-Jin,Go
108,Yoon-Jung,Go
109,Hyo-Jin,Gong
110,Jung-Hwan,Gong
111,Myung,Gong
112,Seung-Yeon,Gong
113,Yoo,Gong
114,Ji-Won,Ha
115,Joon,Ha
116,Kyu-Won,Ha
117,Seok-Jin,Ha
118,Sung-Kwang,Ha
119,Bo-Reum,Han
120,Chae-Ah,Han
121,Eun-Seo,Han
122,Ga-In,Han
123,Hye-Jin,Han
124,Hyo-Joo,Han
125,Ji-Eun,Han
126,Ji-Min,Han
127,Seok-Kyu,Han
128,Seung-Yeon,Han
129,So-Eun,Han
130,So-Hee,Han
131,Sun-Hwa,Han
132,Ye-Ri,Han
133,Henry,Lau
134,Joon-Ho,Heo
135,Jung-Do,Heo
136,Jung-Min,Heo
137,Sung-Tae,Heo
138,Yool,Heo
139,Bi-Ra,Hong
140,Jong-Hyun,Hong
141,Jung-Min,Hong
142,Kyung,Hong
143,Ri-Na,Hong
144,Seung-Hee,Hong
145,Soo-Hyun,Hong
146,Kyu-Won,Hoya
147,Geum-Byul,Hwang
148,Hee,Hwang
149,Hyun-Min,Hwang
150,In-Youp,Hwang
151,Jung-Eum,Hwang
152,Sun-Hee,Hwang
153,Young-Hee,Hwang
154,Bin,Hyun
155,Woo,Hyun
156,Chul-Hyung,Im
157,Ho,Im
158,Hwa-Young,Im
159,Ji-Yeon,Im
160,Joo-Hwan,Im
161,Ju-Eun,Im
162,Se-Mi,Im
163,Si-Wan,Im
164,Soo-Hyang,Im
165,Soo-Jung,Im
166,Sung-Eon,Im
167,Tae-Kyung,Im
168,Won-Hee,Im
169,Yoon-Ah,Im
170,Gyo-Jin,In
171,I-U,Lee
172,Dong-Gun,Jang
173,Dong-Yoon,Jang
174,Gwang,Jang
175,Hee-Jin,Jang
176,Hye-Jin,Jang
177,Hyuk,Jang
178,Hyuk-Jin,Jang
179,Hyun-Sung,Jang
180,Ki-Yong,Jang
181,Na-Ra,Jang
182,Seung-Jo,Jang
183,Yong,Jang
184,Yool,Jang
185,Yoon-Ju,Jang
186,Young-Nam,Jang
187,Bae-Soo,Jeon
188,Chae-Eun,Jeon
189,Do-Yeon,Jeon
190,Hye-Bin,Jeon
191,Hye-Jin,Jeon
192,Hyo-Sung,Jeon
193,Jin-Seo,Jeon
194,Jong-Seo,Jeon
195,Kwang-Ryul,Jeon
196,Mi-Do,Jeon
197,Noh-Min,Jeon
198,Sung-Woo,Jeon
199,Yeo-Been,Jeon
200,Yu-Na,Jeon
201,Chang-Wook,Ji
202,Hye-Won,Ji
203,Hyun-Woo,Ji
204,Jin-Hee,Ji
205,Seung-Hyun,Ji
206,Sung,Ji
207,Woo,Ji
208,Goo,Jin
209,Ha,Jin
210,Hee-Kyung,Jin
211,Ki-Joo,Jin
212,Kyung,Jin
213,Se-Yeon,Jin
214,Seon-Kyu,Jin
215,Bo-Ah,Jo
216,Dong-Hyuk,Jo
217,Dong-In,Jo
218,Han-Chul,Jo
219,Hee-Bong,Jo
220,Hyun-Chul,Jo
221,Hyun-Jae,Jo
222,In-Sung,Jo
223,Jae-Yoon,Jo
224,Jin-Woong,Jo
225,Jung-Suk,Jo
226,Mi-Ryung,Jo
227,Min-Ah,Jo
228,Min-Ki,Jo
229,Seung-Woo,Jo
230,Sung-Ha,Jo
231,Wan-Ki,Jo
232,Woo-Jin,Jo
233,Yi-Hyun,Jo
234,Yoon-Hee,Jo
235,Yun-Hee,Jo
236,Ji-Hoon,Joo
237,Jin-Mo,Joo
238,Jong-Hyuk,Joo
239,Min-Kyung,Joo
240,Sang-Wook,Joo
241,Seok-Tae,Joo
242,Won,Joo
243,Ji-Hyun,Jun
244,Suk-Ho,Jun
245,Chae-Yeon,Jung
246,Da-Bin,Jung
247,Da-Eun,Jung
248,Dong-Gyu,Jung
249,Eugene,Jung
250,Eui-Wook,Jung
251,Eun-Chae,Jung
252,Eun-Ji,Jung
253,Gun-Joo,Jung
254,Gyu-Woon,Jung
255,Hae-In,Jung
256,Ho-Yeon,Jung
257,Hye-Sung,Jung
258,Il-Woo,Jung
259,In-Ki,Jung
260,In-Sun,Jung
261,Jae-Young,Jung
262,Jin-Young,Jung
263,Joon,Jung
264,Joon-Ho,Jung
265,Kyung-Ho,Jung
266,Min-Ah,Jung
267,Sang-Hoon,Jung
268,So-Min,Jung
269,Suk-Yong,Jung
270,Woo,Jung
271,Woong-In,Jung
272,Yi-Seo,Jung
273,Yong-Hwa,Jung
274,Yoo-Mi,Jung
275,Young-Joo,Jung
276,Yu-Mi,Jung
277,Byul,Kang
278,Daniel,Kang
279,Ha-Neul,Kang
280,Han-Na,Kang
281,Hong-Suk,Kang
282,Hoon,Kang
283,Hye-Won,Kang
284,Ki-Young,Kang
285,Mal-Geum,Kang
286,Min-Ah,Kang
287,Seung-Hyun,Kang
288,Seung-Yoon,Kang
289,Shin-Il,Kang
290,So-Ra,Kang
291,Tae-Oh,Kang
292,Ye-Won,Kang
293,Yoo-Seok,Kang
294,Erika,Karata
295,Ki-Young,Key
296,Hae-Yeon,Kil
297,Ah-Joong,Kim
298,Bo-Mi,Kim
299,Bo-Ra,Kim
300,Bum,Kim
301,Byung-Chul,Kim
302,Byung-Ok,Kim
303,Chan-Yi,Kim
304,Chang-Wan,Kim
305,Da-Mi,Kim
306,Da-Som,Kim
307,Dae-Myung,Kim
308,Do-Hyun,Kim
309,Do-Wan,Kim
310,Dong-Hee,Kim
311,Dong-Wook,Kim
312,Eui-Sung,Kim
313,Ga-Eun,Kim
314,Gab-Soo,Kim
315,Go-Eun,Kim
316,Gun-Woo,Kim
317,Gyu-Chul,Kim
318,Ha-Neul,Kim
319,Hae-Sook,Kim
320,Hee-Ae,Kim
321,Hee-Sun,Kim
322,Ho-Jung,Kim
323,Hong-Pa,Kim
324,Hwan-Hee,Kim
325,Hye-Eun,Kim
326,Hye-Ja,Kim
327,Hye-Joon,Kim
328,Hye-Ok,Kim
329,Hye-Soo,Kim
330,Hye-Sung,Kim
331,Hye-Yoon,Kim
332,Hyo-Jin,Kim
333,Hyun-Joo,Kim
334,Hyun-Soo,Kim
335,Hyung-Suk,Kim
336,Jae-Kyung,Kim
337,Jae-Won,Kim
338,Jae-Wook,Kim
339,Jae-Young,Kim
340,Jee-Soo,Kim
341,Ji-Eun,Kim
342,Ji-Han,Kim
343,Ji-Hoon,Kim
344,Ji-Soo,Kim
345,Ji-Suk,Kim
346,Ji-Won,Kim
347,Jin-Hee,Kim
348,Jin-Woo,Kim
349,Jong-Tae,Kim
350,Joo-Heon,Kim
351,Joo-Young,Kim
352,Joon-Han,Kim
353,Joong-Ki,Kim
354,Jun-Kyu,Kim
355,Jung-Eun,Kim
356,Jung-Hyun,Kim
357,Jung-Min,Kim
358,Jung-Nan,Kim
359,Kang-Hoon,Kim
360,Kang-Hyun,Kim
361,Kang-Woo,Kim
362,Ki-Doo,Kim
363,Kwon,Kim
364,Kyul,Kim
365,Kyung-Nam,Kim
366,Mi-Kyung,Kim
367,Mi-Sook,Kim
368,Min-Ha,Kim
369,Min-Jae,Kim
370,Min-Jong,Kim
371,Min-Jung,Kim
372,Min-Kyu,Kim
373,Min-Seo,Kim
374,Min-Seok,Kim
375,Moo-Joon,Kim
376,Mu-Yeol,Kim
377,Myung-Min,Kim
378,Myung-Soo,Kim
379,Nam-Gil,Kim
380,Nam-Hee,Kim
381,Nam-Joo,Kim
382,Nu-Ri,Kim
383,Ok-Bin,Kim
384,Sae-Ron,Kim
385,Sang-Ho,Kim
386,Sang-Joong,Kim
387,Sang-Kyung,Kim
388,Se-Jeong,Kim
389,Seo-Hyung,Kim
390,Seol-Hyun,Kim
391,Seon-Ho,Kim
392,Seul-Gi,Kim
393,Seung-Soo,Kim
394,Shin-Rok,Kim
395,So-Eun,Kim
396,So-Hyun,Kim
397,So-Jin,Kim
398,So-Yeon,Kim
399,Soo-Hyun,Kim
400,Soo-Ro,Kim
401,Su-Gyeom,Kim
402,Sun-Ah,Kim
403,Sung-Cheol,Kim
404,Sung-Chul,Kim
405,Sung-Gyu,Kim
406,Sung-Kyun,Kim
407,Sung-Oh,Kim
408,Sung-Ryung,Kim
409,Tae-Hee,Kim
410,Tae-Hoon,Kim
411,Tae-Ri,Kim
412,Tae-Woo,Kim
413,Won-Hae,Kim
414,Woo-Seok,Kim
415,Ye-Won,Kim
416,Yeo-Jin,Kim
417,Yeong-Cheol,Kim
418,Yong-Ji,Kim
419,Yoo-Bin,Kim
420,Yoo-Jung,Kim
421,Yoo-Mi,Kim
422,Yoo-Ri,Kim
423,Yoon-Hye,Kim
424,Young-Ae,Kim
425,Young-Dae,Kim
426,Young-Kwang,Kim
427,Young-Min,Kim
428,Chang-Seok,Ko
429,Kyo-Hwan,Koo
430,Krystal,Jung
431,Do-Won,Kwak
432,Dong-Yeon,Kwak
433,Shi-Yang,Kwak
434,Eun-Bin,Kwon
435,Hwa-Woon,Kwon
436,Na-Ra,Kwon
437,Seung-Woo,Kwon
438,Yool,Kwon
439,Yu-Ri,Kwon
440,Mi-Ri,Kyeon
441,Soo-Jin,Kyung
442,Bo-Young,Lee
443,Bong-Ryun,Lee
444,Byung-Hun,Lee
445,Chae-Mi,Lee
446,Chan-Yoo,Lee
447,Chun-Hee,Lee
448,Chung-Ah,Lee
449,Da-Hee,Lee
450,Da-In,Lee
451,Dae-Yeon,Lee
452,David,Lee
453,Deok-Hwa,Lee
454,Do-Hyun,Lee
455,Do-Kyung,Lee
456,Dong-Gun,Lee
457,Dong-Hwi,Lee
458,Dong-Wook,Lee
459,El,Lee
460,Elijah,Lee
461,Gi-Kwang,Lee
462,Ha-Na,Lee
463,Ha-Nee,Lee
464,Hak-Joo,Lee
465,Han-Wi,Lee
466,Hang-Na,Lee
467,Hee-Joon,Lee
468,Hong-Ki,Lee
469,Hong-Nae,Lee
470,Hye-Ri,Lee
471,Hye-Young,Lee
472,Hyun-Wook,Lee
473,Il-Hwa,Lee
474,Jae-Wook,Lee
475,Jae-Yoon,Lee
476,Jang-Woo,Lee
477,Je-Hoon,Lee
478,Ji-Ah,Lee
479,Ji-Hoon,Lee
480,Jin-Wook,Lee
481,Jong-Hyuk,Lee
482,Jong-Suk,Lee
483,Jong-Won,Lee
484,Joo-Bin,Lee
485,Joo-Myung,Lee
486,Joo-Woo,Lee
487,Joo-Young,Lee
488,Joon,Lee
489,Joon-Gi,Lee
490,Joon-Hyuk,Lee
491,Joong-Ok,Lee
492,Jun-Ho,Lee
493,Jun-Young,Lee
494,Jung-Eun,Lee
495,Jung-Jae,Lee
496,Jung-Shin,Lee
497,Ki-Hyun,Lee
498,Ki-Woo,Lee
499,Kwang-Soo,Lee
500,Kyu-Han,Lee
501,Kyu-Hyung,Lee
502,Kyung-Young,Lee
503,Min-Ho,Lee
504,Min-Jung,Lee
505,Min-Ki,Lee
506,Min-Woo,Lee
507,Moon-Shik,Lee
508,Na-Eun,Lee
509,Pil-Mo,Lee
510,Ro-Woon,Lee
511,Sae-On,Lee
512,Sang-Hee,Lee
513,Sang-Woo,Lee
514,Sang-Yeob,Lee
515,Sang-Yi,Lee
516,Sang-Yoon,Lee
517,Se-Young,Lee
518,Seol,Lee
519,Seung-Gi,Lee
520,Seung-Joon,Lee
521,Seung-Jun,Lee
522,Shin-Young,Lee
523,Si-Eon,Lee
524,Si-Young,Lee
525,So-Yeon,Lee
526,Soo-Hyuk,Lee
527,Soo-Kyung,Lee
528,Su-Hyun,Lee
529,Sun-Bin,Lee
530,Sun-Kyun,Lee
531,Sung-Jae,Lee
532,Sung-Kyung,Lee
533,Sung-Min,Lee
534,Sung-Wook,Lee
535,Tae-Hwan,Lee
536,Tae-Ran,Lee
537,Tae-Ri,Lee
538,Won-Jong,Lee
539,Won-Keun,Lee
540,Ye-Rim,Lee
541,Yeon,Lee
542,Yi-Kyung,Lee
543,Yo-Won,Lee
544,Yoo-Bi,Lee
545,Yoo-Jin,Lee
546,Yoo-Joon,Lee
547,Yoo-Ri,Lee
548,Yoo-Young,Lee
549,Young-Ae,Lee
550,Young-Ah,Lee
551,Yun-Hee,Lee
552,Sang-Yeob,Lomon
553,Dong-Seok,Ma
554,Won-Jong,Mashiho
555,Ram,Mi
556,Do-Hee,Min
557,Jin-Woong,Min
558,Sung-Wook,Min
559,Chae-Won,Moon
560,Ga-Young,Moon
561,Ji-In,Moon
562,Jung-Hee,Moon
563,So-Ri,Moon
564,Sung-Geun,Moon
565,Se-Bin,Myung
566,Ki-Doo,N
567,In-Woo,Na
568,Moon-Hee,Na
569,Young-Hee,Na
570,Da-Reum,Nam
571,Gyu-Ri,Nam
572,Ji-Hyun,Nam
573,Joo-Hyuk,Nam
574,Ki-Ae,Nam
575,Moon-Chul,Nam
576,Sang-Mi,Nam
577,Yoon-Su,Nam
578,Min,Namkoong
579,Jong-Hyun,Noh
580,Min-Woo,Noh
581,Chang-Seok,Oh
582,Dae-Hwan,Oh
583,Eui-Shik,Oh
584,Hyun-Kyung,Oh
585,Jung-Se,Oh
586,Man-Suk,Oh
587,Min-Suk,Oh
588,Na-Ra,Oh
589,So-Hyun,Oh
590,Soon-Tae,Oh
591,Yeon-Seo,Oh
592,Yeon-Soo,Oh
593,Young-Soo,Oh
594,Yu-Jin,Oh
595,Ja-Yeon,Ok
596,Taec-Yeon,Ok
597,Ye-Rin,Ok
598,Pil-Mo,One
599,In-Hwan,P.O
600,Bo-Gum,Park
601,Bo-Young,Park
602,Byung-Eun,Park
603,Eun-Bin,Park
604,Eun-Seok,Park
605,Gyu-Young,Park
606,Ha-Sun,Park
607,Hae-Jin,Park
608,Hae-Joon,Park
609,Hae-Soo,Park
610,Han-Sol,Park
611,Hee-Soon,Park
612,Ho-San,Park
613,Hoon,Park
614,Hwan-Hee,Park
615,Hye-Soo,Park
616,Hyo-Joo,Park
617,Hyuk-Kwon,Park
618,Hyung-Sik,Park
619,In-Hwan,Park
620,Ji-Bin,Park
621,Ji-Hoo,Park
622,Ji-Hoon,Park
623,Ji-Hyun,Park
624,Ji-Young,Park
625,Ji-Yun,Park
626,Jin-Hee,Park
627,Jin-Joo,Park
628,Jin-Woo,Park
629,Jin-Young,Park
630,Jong-Hwan,Park
631,Joo-Hee,Park
632,Joo-Hyun,Park
633,Joon-Myun,Park
634,Ju-Hyun,Park
635,Jun-Gyu,Park
636,Jung-Woo,Park
637,Ki-Woong,Park
638,Kyung-Hye,Park
639,Min-Jung,Park
640,Min-Young,Park
641,Sang-Hoon,Park
642,Sang-Myun,Park
643,Sang-Won,Park
644,Se-Wan,Park
645,Seo-Joon,Park
646,Seo-Yeon,Park
647,Seon-Im,Park
648,Shi-An,Park
649,Shi-Hoo,Park
650,Shin-Hye,Park
651,So-Hee,Park
652,So-Hyun,Park
653,So-Jin,Park
654,Sun-Young,Park
655,Sung-Hoon,Park
656,Sung-Joon,Park
657,Sung-Woong,Park
658,Won-Sook,Park
659,Ye-Jin,Park
660,Yoo-Na,Park
661,Yoon-Young,Park
662,Young-Gyu,Park
663,Ye-Jin,Pyo
664,Mi-Ran,Ra
665,Ki-Woo,Rain
666,Jeong-Eui,Roh
667,Gyu-Young,Rowoon
668,Do-Hyun,Ryeoun
669,Deok-Hwan,Ryu
670,Hwa-Young,Ryu
671,Hye-Young,Ryu
672,Joon-Yeol,Ryu
673,Kyung-Soo,Ryu
674,Seung-Ryong,Ryu
675,Soo-Young,Ryu
676,Eun-Soo,Seo
677,Hye-Rin,Seo
678,Hyun-Chul,Seo
679,Hyun-Jin,Seo
680,Hyun-Woo,Seo
681,In-Guk,Seo
682,Jae-Hee,Seo
683,Ji-Hoon,Seo
684,Ji-Hye,Seo
685,Jung-Yeon,Seo
686,Kang-Joon,Seo
687,Woo-Jin,Seo
688,Yea-Ji,Seo
689,In-Ah,Seol
690,Hee-Sub,Shim
691,Hye-Jin,Shim
692,Hyung-Tak,Shim
693,Yi-Young,Shim
694,Do-Hyun,Shin
695,Dong-Mi,Shin
696,Dong-Wook,Shin
697,Eun-Kyung,Shin
698,Ha-Kyun,Shin
699,Hye-Sun,Shin
700,Hyun-Bin,Shin
701,Hyun-Joon,Shin
702,Jae-Ha,Shin
703,Joo-Hwan,Shin
704,Jung-Keun,Shin
705,Min-Ah,Shin
706,Se-Kyung,Shin
707,Seung-Ho,Shin
708,So-Yool,Shin
709,Sung-Rok,Shin
710,Won-Ho,Shin
711,Ye-Eun,Shin
712,Hyun-Seo,Sim
713,Ji-Sub,So
714,Ju-Yeon,So
715,Yoo-Jin,So
716,Byung-Ho,Son
717,Chang-Min,Son
718,Dam-Bi,Son
719,Eun-Seo,Son
720,Ho-Jun,Son
721,Hyun-Joo,Son
722,Jong-Hak,Son
723,Na-Eun,Son
724,Sang-Yeon,Son
725,Seok-Koo,Son
726,Seung-Won,Son
727,Sung-Yoon,Son
728,Ye-Jin,Son
729,Boo-Geon,Song
730,Geon-Hee,Song
731,Ha-Yoon,Song
732,Hye-Kyo,Song
733,Il-Gook,Song
734,Jae-Ryong,Song
735,Ji-Hyo,Song
736,Jong-Ho,Song
737,Joong-Ki,Song
738,Kang,Song
739,Sae-Byuk,Song
740,Seung-Heon,Song
741,Seung-Hwan,Song
742,Young-Kyu,Song
743,Stephanie,Lee
744,Dong-Il,Sung
745,Hoon,Sung
746,Ji-Ru,Sung
747,Joon,Sung
748,In-Ho,Tae
749,Won-Seok,Tae
750,Jun-Sang,Tang
751,Seo-Hyun,Uee
752,Hyo-Sub,Uhm
753,Hyun-Kyung,Uhm
754,Ji-Won,Uhm
755,Jung-Hwa,Uhm
756,Ki-Joon,Uhm
757,Tae-Woong,Uhm
758,Ji-Won,Wang
759,Ha-Joon,Wi
760,Ji-An,Won
761,Jin-Ah,Won
762,Mi-Kyung,Won
763,Da-Vi,Woo
764,Do-Hwan,Woo
765,Hee-Jin,Woo
766,Ji-Hyun,Woo
767,Hee-Kyung,Yang
768,Kyung-Won,Yang
769,Mi-Kyung,Yang
770,Se-Jong,Yang
771,Seo-Hyun,Yang
772,Ji-Won,Ye
773,Soo-Jung,Ye
774,Sung,Ye
775,Hoe-Hyun,Yeo
776,Jin-Goo,Yeo
777,Hye-Ran,Yeom
778,Jung-Ah,Yeom
779,Jung-Hoon,Yeon
780,Woo-Jin,Yeon
781,Dam-Bi,Yeonwoo
782,Si-Wan,Yim
783,Ah-In,Yoo
784,In-Na,Yoo
785,In-Soo,Yoo
786,In-Young,Yoo
787,Jae-Myung,Yoo
788,Ji-Tae,Yoo
789,Ji-Yeon,Yoo
790,Joon-Sang,Yoo
791,Min-Kyu,Yoo
792,Oh-Sung,Yoo
793,Seung-Ho,Yoo
794,Seung-Mok,Yoo
795,Yeon-Seok,Yoo
796,Sung-Jae,Yook
797,Byung-Hee,Yoon
798,Chan-Young,Yoon
799,Eun-Hye,Yoon
800,Gyung-Ho,Yoon
801,Hyun-Min,Yoon
802,Hyun-Soo,Yoon
803,Jae-Hyuk,Yoon
804,Ji-Hye,Yoon
805,Jong-Hoon,Yoon
806,Jong-Seok,Yoon
807,Joo-Hee,Yoon
808,Joo-Sang,Yoon
809,Kyun-Sang,Yoon
810,Park,Yoon
811,Sang-Hyun,Yoon
812,Se-Ah,Yoon
813,Shi-Yoon,Yoon
814,So-Hee,Yoon
815,Sun-Woo,Yoon
816,Yoo-Sun,Yoon
817,Dong-Il,Yoshi
818,Yuh-Jung,Youn
819,Ji-On,Yun