production_company_id(pk),production_company
1,3Mana Creative
2,A Han.Bok Dream Production
3,A-Man Project
4,A&E Networks Korea
5,Ace Factory
6,ANDu Entertainment
7,Apollo Pictures
8,Arc Media
9,AStory
10,Ateod Co. Ltd.
11,BaramiBunda inc.
12,Barunson Inc.
13,BBC Studios
14,BH Entertainment
15,Blitzway Studios
16,Blossom Story
17,Blue Marble Pictures
18,Bon Factory Worldwide
19,Bridal Mask SPC
20,C-JeS Entertainment
21,Celltrion Entertainment
22,Chorokbaem Media
23,CJ ENM
24,Climax Studio
25,Climax Studios
26,CMG Chorok Stars
27,Company Ching
28,Confession Couple S.P.C.
29,Content K
30,Contents Zium
31,Copus Korea
32,Crave Works
33,Culture Depot
34,Curo Holdings
35,Descendants of the Sun SPC
36,DK E&M
37,doFRAME
38,Doremi Entertainment
39,Drama House
40,DRM Media
41,Egg Is Coming
42,Eight Works
43,Fantagio
44,Film Monster
45,Fuji Television
46,Gallery 9
47,Gill Pictures
48,Gold Medalist
49,Gonggamdong House
50,Group 8
51,GT Entertainment
52,GTist
53,HB Entertainment
54,Hidden Sequence
55,High Quality
56,HIGROUND
57,Hong Gil-dong SPC
58,HOW Pictures
59,Huace Media
60,Human Nature
61,Hunus Entertainment
62,Hwa&Dam Pictures
63,iHQ
64,Imagine Asia
65,IOK Media
66,iWill Media
67,Jidam Inc.
68,JS Pictures
69,JTBC Studios
70,Kakao Entertainment
71,KBS
72,KBS Media
73,KBS N
74,KeyEast
75,Kim Jong-hak Production
76,KPJ
77,Kross Pictures
78,KT Studio Genie
79,KT&G Sangsangmadang
80,Lezhin Studio
81,Ling-aling
82,Locus Corporation
83,Logos Film
84,Ltd.
85,Lydus Contents Company
86,May Queen Pictures
87,Mays Entertainment
88,MBC
89,Media Res
90,Mega Monster
91,Merrycow Creative
92,MI Inc.
93,Mink Entertainment
94,Mong-jak-so Company
95,Monster Union
96,My Country SPC
97,Nangman Crew
98,Nano Chem Tech
99,NBCUniversal International Television
100,Neo Entertainment
101,Next Entertainment World
102,NK Mulsan
103,NPIO Entertainment
104,Number Three Pictures
105,OH Story
106,OH!BROTHERS Production
107,Olive9
108,ONDA Entertainment
109,Page One Film
110,Pan Entertainment
111,PlayList Global
112,Production H
113,Production KEZR
114,Raemongraein
115,RaemongRaein Co.
116,Red Nine Pictures
117,S-PEACE
118,S.M. Culture & Contents
119,Samhwa Networks
120,SBS
121,Secret Love SPC
122,Shinyoung E&C Group
123,Shotcake
124,Show Runners
125,Showbox
126,SidusHQ
127,Signal Entertainment Group
128,Siren Pictures Inc.
129,SLL
130,Sony Pictures Television
131,SSD
132,Story & Pictures Media
133,Story Hunter Production
134,Story TV
135,Story Vine Pictures
136,Studio 329
137,Studio 605
138,Studio Dadashow
139,Studio Dragon
140,Studio Invictus
141,Studio M
142,Studio N
143,Studio Phoenix
144,Studio S
145,Studio Santa Claus Entertainment
146,Studio&NEW
147,Super Moon Pictures
148,Take 2 Media Group
149,The Great Show
150,The Sound of Your Heart SPC
151,The Story Works
152,The Story Works (SBS)
153,The Tale of Nokdu Production Partners
154,The Unicorn
155,The Walt Disney Company (Korea)
156,Time Box Production
157,tvN
158,Urban Works Media
159,Victory Contents
160,WeMad
161,WHYNOT MEDIA
162,Woo Sang Film
163,Xanadu Entertainment
164,YG Entertainment
165,Yong Film
166,Zium Content
167,ZIUM Content Co. Ltd.