Screenwriter_id(PK),first_name,last_name
1,Kyung,Ah
2,Do-Ha,Ahn
3,Eun-Bin,Ahn
4,Sae-Bom,Ahn
5,Mi-Kyung,Baek
6,So-Yeon,Baek
7,Sun-Woo,Baek
8,Ki-Ri,Ban
9,Seung-Dae,Chae
10,Kwang-Jin,Cho
11,Ah-Il,Choi
12,Bo-Rim,Choi
13,Chang-Hwan,Choi
14,Ho-Chul,Choi
15,Jin-Won,Choi
16,Jin-Young,Choi
17,Ran,Choi
18,Soo-Jin,Choi
19,Sung-Joon,Choi
20,Wan-Kyu,Choi
21,Yeon-Seo,Choi
22,Yi-Ryun,Choi
23,Yo-Ji,Choi
24,Yoon-Kyo,Choi
25,Young-Woo,Choi
26,Sung-Il,Chun
27,Hyun-Jung,Do
28,Soo-Jin,Ha
29,Yoon-Ah,Ha
30,Ga-Ram,Han
31,Hee-Jung,Han
32,Jung-Hoon,Han
33,Sang-Woon,Han
34,Song-yi,Han
35,Sul-Hee,Han
36,Woo-Ri,Han
37,Sung-Hye,Heo
38,Bo-Hee,Hong
39,Jung-Eun,Hong
40,Mi-Ran,Hong
41,Da-Eun,Hwang
42,Dong-Hyuk,Hwang
43,Eun-Kyung,Hwang
44,Ha-Na,Hwang
45,Jin-Young,Hwang
46,Hee-Chul,Im
47,Me-Ah,Im
48,Sang-Choon,Im
49,Ye-Jin,Im
50,Ji-Hye,In
51,Nyoong,J
52,Hong-Chul,Jang
53,Hyun-Joo,Jang
54,Young-Chul,Jang
55,In,Je
56,Nyoong,Ji
57,Han-Sae,Jin
58,Soo-Wan,Jin
59,Jung-Joo,Jo
60,Soo-Jin,Jo
61,Sung-Hee,Jo
62,Won-Gi,Jo
63,Yong,Jo
64,Yoon-Young,Jo
65,Young-Soo,Jo
66,Hyun,Joo
67,Hee-Han,Jun
68,Bo-Hoon,Jung
69,Hae-Ri,Jung
70,Hyun-Jung,Jung
71,Hyung-Soo,Jung
72,Ji-Woo,Jung
73,Kyung-Soon,Jung
74,Seo-Kyung,Jung
75,So-Young,Jung
76,Won-Jung,Jung
77,Yeon-Seo,Jung
78,Yi-Do,Jung
79,Yoon-Jung,Jung
80,Yoon-Sun,Jung
81,Eun-Kyung,Kang
82,Eun-Seon,Kang
83,Go-eun,Kang
84,Ba-Da,Kim
85,Ban-Di,Kim
86,Bo-Gyeom,Kim
87,Bo-Tong,Kim
88,Do-Yeon,Kim
89,Eun,Kim
90,Eun-Hee,Kim
91,Eun-Hyang,Kim
92,Eun-Ji,Kim
93,Eun-Jung,Kim
94,Eun-Sook,Kim
95,Ho-Soo,Kim
96,Hwan-Chae,Kim
97,Hye-Young,Kim
98,Hyung-Min,Kim
99,Ji-Eun,Kim
100,Ji-Hye,Kim
101,Ji-Soo,Kim
102,Ji-Woo,Kim
103,Ji-Woon,Kim
104,Jin-Hee,Kim
105,Ki-Ho,Kim
106,Kyung-Ran,Kim
107,Min-Jung,Kim
108,Min-Sook,Kim
109,Na-Neui,Kim
110,Ran-Joo,Kim
111,Roo-Ri,Kim
112,Sae-Bom,Kim
113,Soo-Eun,Kim
114,Soo-Jin,Kim
115,Soon-Ok,Kim
116,Sun-Mi,Kim
117,Sung-Deok,Kim
118,Tae-Hee,Kim
119,Won-Seok,Kim
120,Yi-Ji,Kim
121,Yi-Young,Kim
122,Yool,Kim
123,Yoon-Joo,Kim
124,Young-Hyun,Kim
125,Young-Young,Kim
126,Yu-Jin,Kim
127,Jae-Min,Kwak
128,Do-Eun,Kwon
129,Hye-Joo,Kwon
130,Il-Yong,Kwon
131,Ki-Kyung,Kwon
132,Ki-Young,Kwon
133,Min-Soo,Kwon
134,So-Ra,Kwon
135,Soon-Gyu,Kwon
136,Ah-Ram,Lee
137,Byung-Hun,Lee
138,Dae-I-I,Lee
139,Eun-Mi,Lee
140,Ha-Na,Lee
141,Ji-Eum,Lee
142,Ji-Hyun,Lee
143,Jung-Ah,Lee
144,Jung-Sun,Lee
145,Kang,Lee
146,Myung-Sook,Lee
147,Na-Eun,Lee
148,Seo-Yoon,Lee
149,Seul,Lee
150,Shi-Eun,Lee
151,Shin-Hwa,Lee
152,Soo-Hyun,Lee
153,Soo-Kyung,Lee
154,Soo-Yeon,Lee
155,Woo-Jung,Lee
156,Yoo-Jin,Lee
157,Young-Hwa,Lee
158,Jin-Won,Ma
159,Ji-Eun,Min
160,Ji-Hyung,Min
161,Ji-Won,Moon
162,Yoo-Seok,Moon
163,Hee-Kyung,Noh
164,Ji-Sul,Noh
165,Ji-Young,Oh
166,Sang-Ho,Oh
167,Eun-Mi,Park
168,Ga-Yun,Park
169,Hae-Young,Park
170,Hye-Ryun,Park
171,Ja-Kyung,Park
172,Jae-Bum,Park
173,Ji-Eun,Park
174,Kye-Ok,Park
175,Min-Kyung,Park
176,Ran,Park
177,Sang-Yeon,Park
178,Seok-Ho,Park
179,Shi-Hyun,Park
180,Yeon-Sun,Park
181,Yoon-Sung,Park
182,Moon-Sang,Ryu
183,Yong-Jae,Ryu
184,Han-na,Seo
185,In,Seo
186,Jae-Won,Seo
187,Yi-Na,Seol
188,Ha-Eun,Shin
189,Jae-Hyung,Shin
190,Yoo-Dam,Shin
191,Hyun-Kyung,So
192,Eun-Hye,Son
193,Ha-Young,Song
194,Hye-Jin,Song
195,Jae-Jung,Song
196,Ji-Na,Song
197,Hugh,Soo
198,Jae-Young,Tak
199,So-Young,Wi
200,Young-Shil,Won
201,Hee-Seung,Yang
202,Jin-Ah,Yang
203,Ji-Na,Yeo
204,Bo-Ra,Yoo
205,Hee-Kyung,Yoo
206,Hye-Mi,Yoo
207,Hyun-Mi,Yoo
208,Jung-Hee,Yoo
209,Seon-Dong,Yoo
210,Sung-Yeol,Yoo
211,Hyun-Ho,Yoon
212,Ji-Ryun,Yoon
213,Nan-Joong,Yoon